Time;21ESSAGMillWeight;21ESCriticalImpact;21ESSAGFeedPV;21ESSAGFeedHLim;21ESSMWeightHighLimit;21ESSAGMillSpeedWSP;21ESSAGMillPower;Kwh/Ton
Y-max;3200;50;4200;4200;3200;11;40000;40000
Y-min;2500;0;0;0;2500;0;0;0
Unit;t;;t/h;t/h;t;rpm;kW;kW
Date;Mill Weight;Critical Impacts;Fresh Feed;Fresh Feed - Max Limit;Mill Weight - Max Limit;Mill Speed;Mill KW;Mill Kwh/Ton
06-07-2013 21:20;3015,96;6,67;3201,52; ; ;6,68;15798,55;4,934702891
07-07-2013 02:40;3050,56;4,24;3285,39; ; ;6,75;15440,34;4,699697753
07-07-2013 08:00;3030,19;3,97;3229,15; ; ;6,62;15071,24;4,667246799
07-07-2013 13:20;3011,27;7,67;3246,85; ; ;6,66;15703,8;4,836626269
07-07-2013 18:40;2989,82;28,41;3094,09; ; ;6,19;14544,54;4,700748847
08-07-2013 00:00;3163,28;3,24;2920,53; ; ;6,4;17408,73;5,960811907
08-07-2013 05:20;3075,01;4,83;3012,36; ; ;6,75;16966,04;5,632142241
08-07-2013 10:40;3030,65;7,43;2779,15; ; ;5,86;15761,88;5,671475091
08-07-2013 16:00;3044,43;10,69;2800,27; ; ;4,62;16626,65;5,937516739
08-07-2013 21:20;3070,61;9,41;2851,56; ; ;4,31;16965,47;5,949539901
09-07-2013 02:40;3092,06;3,24;2835,85; ; ;4,24;17057;6,014775112
09-07-2013 08:00;3073,82;4,94;2766,43; ; ;4,46;16748,73;6,054275727
09-07-2013 13:20;3048,8;12,08;2870,78; ; ;4,33;16981,39;5,915252997
09-07-2013 18:40;3061,11;11,99;2993,93; ; ;4,75;17473,73;5,83638562
10-07-2013 00:00;3134,18;3,4;2761,44; ; ;4,06;17903,72;6,483472391
10-07-2013 05:20;3021,67;23,45;1868,82; ; ;3,96;12086,43;6,467412592
10-07-2013 10:40;2765,79;0,05;0; ; ;0;0;#DIV/0!
10-07-2013 16:00;2647,03;0;0; ; ;0;0;#DIV/0!
10-07-2013 21:20;2801,31;0;0; ; ;0;2,09;#DIV/0!
11-07-2013 02:40;2985,1;21,72;2372,7; ; ;2,58;11373,75;4,793589581
11-07-2013 08:00;2975,61;2,51;3333,55; ; ;1,31;13498,97;4,049427787
11-07-2013 13:20;2963,6;33,65;3192,79; ; ;2,13;13420,05;4,203236041
11-07-2013 18:40;2981,56;3,13;3172,09; ; ;3,75;13610,87;4,290820878
12-07-2013 00:00;2964,45;5,89;3264,28; ; ;5,41;13893,46;4,256209639
12-07-2013 05:20;2977,19;8,13;3011,12; ; ;4,88;14415,78;4,78751428
12-07-2013 10:40;3026,93;10,95;3249,1; ; ;5,53;16337,16;5,028210889
12-07-2013 16:00;3016,76;11,47;3039,37; ; ;6,46;15837,57;5,210806845
12-07-2013 21:20;3042,86;12,33;3204,89; ; ;1,59;16846,32;5,256442499
13-07-2013 02:40;2992,31;10,27;3261,13; ; ;4,16;15444,66;4,735984153
13-07-2013 08:00;2981,92;9,43;3148,83; ; ;5,05;14597,47;4,635839344
13-07-2013 13:20;2974,79;8,19;2827,6; ; ;4,74;14363,04;5,079586929
13-07-2013 18:40;3020,31;3,37;2524,47; ; ;4,36;14021,56;5,554258914
14-07-2013 00:00;2995,09;8,81;2829,1; ; ;4,72;15031,79;5,313276307
14-07-2013 05:20;2960,1;7,59;2864; ; ;4,1;13749,97;4,800967179
14-07-2013 10:40;2968,22;7,4;2761,02; ; ;4,08;14017,36;5,076877386
14-07-2013 16:00;2976,77;5,03;2650,52; ; ;4,06;14055,19;5,302804733
14-07-2013 21:20;2969,61;5,92;2790,36; ; ;4,65;13823,93;4,954174372
15-07-2013 02:40;2938,93;5,58;2883,92; ; ;5,29;13058,76;4,528128381
15-07-2013 08:00;2940,33;5,99;2886,41; ; ;5,49;13189,7;4,569586441
15-07-2013 13:20;2958,01;4,14;2861,98; ; ;5,82;13161,21;4,598638006
15-07-2013 18:40;3001,09;4,87;2902,41; ; ;3,89;14729,72;5,074996296
16-07-2013 00:00;2974,62;7,08;2836,18; ; ;5,49;14326,06;5,051181519
16-07-2013 05:20;2962,73;7,94;2752,18; ; ;4,92;14061,1;5,109077168
16-07-2013 10:40;2969,27;12,12;2815,92; ; ;5,58;13675,92;4,856643655
16-07-2013 16:00;2996,8;10,02;1265,96; ; ;2,75;6416,71;5,068651458
16-07-2013 21:20;3013,95;3,99;2832,2; ; ;5,84;15151,72;5,349805805
17-07-2013 02:40;2967,26;5,42;2597,65; ; ;5,56;13417,06;5,165076126
17-07-2013 08:00;2986,5;3,47;2929,44; ; ;5,62;14167,91;4,836388525
17-07-2013 13:20;3013,87;5,16;2944,88; ; ;6,14;14360,81;4,876534867
17-07-2013 18:40;3003,5;3,21;2713,3; ; ;5,63;14467,29;5,331990565
18-07-2013 00:00;3018,72;3,2;2648,28; ; ;4,89;14795,8;5,586947
18-07-2013 05:20;2990,64;4,66;2932,62; ; ;5,51;14571,62;4,968806051
18-07-2013 10:40;2995,14;11,32;2985,53; ; ;5,54;13640,48;4,56886382
18-07-2013 16:00;2989,59;9,65;2209,76; ; ;4,56;10668,78;4,828026573
18-07-2013 21:20;3024,88;10,25;3380,74; ; ;6,29;16267,52;4,811822264
19-07-2013 02:40;3056,3;5,64;3058,93; ; ;5,95;17106,74;5,592393419
19-07-2013 08:00;3002,7;4,38;2835,2; ; ;5,62;15304,49;5,398028358
19-07-2013 13:20;2998,72;14,08;2687,92; ; ;6,08;14422,85;5,365803298
19-07-2013 18:40;3020,93;3,71;2734,42; ; ;6,4;15118,87;5,52909575
20-07-2013 00:00;3030,23;5,63;2768,87; ; ;6,7;16123,89;5,823274477
20-07-2013 05:20;2980,76;5,93;2779,75; ; ;6,7;14799,6;5,324075906
20-07-2013 10:40;2983;3,57;2749,08; ; ;6,7;14163,2;5,151978116
20-07-2013 16:00;3041,5;2,34;2686,63; ; ;4,12;15163,98;5,644238321
20-07-2013 21:20;3076,57;4,92;2817,27; ; ;1,03;17428,05;6,186148292
21-07-2013 02:40;2998,79;4,35;2826,99; ; ;4,12;14957,15;5,290839373
21-07-2013 08:00;2996,65;4,04;2981,94; ; ;3,98;14880,5;4,990207717
21-07-2013 13:20;2994,87;4,24;2850,82; ; ;2,55;14635,03;5,133621204
21-07-2013 18:40;2997,96;5,61;2851,3; ; ;2,93;15327,43;5,375593589
22-07-2013 00:00;2997,45;3,09;2845,47; ; ;3,96;14803,07;5,202328614
22-07-2013 05:20;2973,91;1,55;2743,67; ; ;4,81;13434,76;4,896638444
22-07-2013 10:40;2974,17;4,11;2701,42; ; ;4,77;14179,43;5,248880219
22-07-2013 16:00;2985,82;6;2813,78; ; ;5,07;15039,2;5,344838616
22-07-2013 21:20;3028,67;5,25;2945,26; ; ;4,74;16223,16;5,508226778
23-07-2013 02:40;2975,21;1,94;2873,04; ; ;6,7;13436,96;4,676913652
23-07-2013 08:00;2983,27;1,83;2760,39; ; ;6,7;13625,73;4,936161195
23-07-2013 13:20;3000,85;6,04;3053,17; ; ;6,7;15755,41;5,160344822
23-07-2013 18:40;3039,48;7,35;3027,12; ; ;6,65;16843,52;5,564206242
24-07-2013 00:00;3047,7;3,4;2891,18; ; ;6,26;16549,26;5,724050388
24-07-2013 05:20;3015,31;2,36;2971,07; ; ;6,07;15361,26;5,170278721
24-07-2013 10:40;3017,82;5,58;2924,4; ; ;6,1;16003,64;5,472452469
24-07-2013 16:00;3013,92;6,57;2860,31; ; ;6,03;16122,64;5,636675745
24-07-2013 21:20;3053,39;7,25;2643,43; ; ;5,7;15910,67;6,018948866
25-07-2013 02:40;3070,93;45,95;2829,47; ; ;6,33;16220,69;5,732766207
25-07-2013 08:00;3007,47;3,11;3007,07; ; ;6,7;15397,92;5,120572517
25-07-2013 13:20;3025,31;5,09;2782,98; ; ;6,13;15882,07;5,706857397
25-07-2013 18:40;3025,38;6,86;2786,22; ; ;6,04;16297,61;5,849362218
26-07-2013 00:00;3017,73;2,18;2781,54; ; ;6,66;14634,53;5,261304889
26-07-2013 05:20;3002,37;1,8;2755,91; ; ;6,69;14480,48;5,254337043
26-07-2013 10:40;2987,63;3,19;2616,42; ; ;6,33;14577,22;5,571437307
26-07-2013 16:00;2892,51;12,97;285,58; ; ;0,63;1573,34;5,509279361
26-07-2013 21:20;3024,65;2,38;3121,6; ; ;6,6;15141,07;4,850419657
27-07-2013 02:40;3011,23;3,69;3031,14; ; ;6,68;15711,92;5,183501917
27-07-2013 08:00;3005,9;4,34;3030,76; ; ;6,69;15819,78;5,219740263
27-07-2013 13:20;3036,52;3,72;3041,09; ; ;6,26;16363,84;5,380912765
27-07-2013 18:40;3034,66;4,22;2725,19; ; ;6,43;16242,33;5,960072509
28-07-2013 00:00;3049,87;3,96;2822,88; ; ;6,71;16595,68;5,878988834
28-07-2013 05:20;3021,52;3,53;2937,48; ; ;6,71;16045,67;5,462392935
28-07-2013 10:40;3018,13;3,35;3001,63; ; ;6,61;16016,33;5,335877507
28-07-2013 16:00;3030,5;2;2919,67; ; ;6,15;15663,19;5,36471245
28-07-2013 21:20;3082,26;4,74;3217,02; ; ;6,29;17907,6;5,566518082
29-07-2013 02:40;3042,57;5,5;3324,31; ; ;6,74;17115,57;5,148608283
29-07-2013 08:00;3007,26;4,66;3457,65; ; ;6,75;16189,33;4,682177201
29-07-2013 13:20;3019,94;2,35;3303,03; ; ;6,5;15696,7;4,752212363
29-07-2013 18:40;3040,86;2,05;3467,08; ; ;6,39;16391,88;4,727863216
30-07-2013 00:00;3047,04;5,55;3468,35; ; ;6,7;17151,27;4,945080514
30-07-2013 05:20;3013,78;3,57;3473,36; ; ;6,73;16035,17;4,616616187
30-07-2013 10:40;3085,6;3,72;3491,49; ; ;6,71;17838,83;5,109231302
30-07-2013 16:00;3130,99;3,95;3319,16; ; ;6,51;18800,56;5,664252401
30-07-2013 21:20;3115,05;6,98;3215,93; ; ;6,49;19134,65;5,949958488
31-07-2013 02:40;3053,03;8,04;3398,68; ; ;5,73;17749,03;5,222330434
31-07-2013 08:00;3021,05;2,14;2166,38; ; ;1,95;14401,25;6,647610299
31-07-2013 13:20;3041,5;0,48;1905,09; ; ;1,75;13108,29;6,880667055
31-07-2013 18:40;3065,51;0,73;2092,7; ; ;2,05;13749,05;6,570005256
01-08-2013 00:00;3101,27;0,87;2069,87; ; ;2,54;15370,26;7,425712726
01-08-2013 05:20;3034,75;1,22;1840,18; ; ;3,51;13828,67;7,514846374
01-08-2013 10:40;3069,93;1,12;1868,85; ; ;1,63;14245,03;7,622350643
01-08-2013 16:00;3028,97;0,89;1920,79; ; ;2,06;13420,55;6,986994934
01-08-2013 21:20;3046,75;0,53;1939,24; ; ;2,9;13118,53;6,764778986
02-08-2013 02:40;3052,41;0,58;1968,1; ; ;3,14;13047,38;6,629429399
02-08-2013 08:00;3018,38;0,85;1781,14; ; ;2,3;12707,35;7,134391457
02-08-2013 13:20;3056,67;0,48;2086,08; ; ;0,07;13412;6,429283632
02-08-2013 18:40;3006,92;0,85;1995,53; ; ;0,74;12545,06;6,286580507
03-08-2013 00:00;3020,07;0,44;1992,19; ; ;4,34;11929,33;5,988048329
03-08-2013 05:20;3028,77;0,32;2042,44; ; ;4,42;11989,36;5,870116136
03-08-2013 10:40;3039,55;0,65;2236,31; ; ;4,11;13229,34;5,915700417
03-08-2013 16:00;3033,37;0,96;2424,11; ; ;2,99;14046,85;5,794642157
03-08-2013 21:20;3045,47;1,77;2937,87; ; ;4,27;15897;5,411063117
04-08-2013 02:40;3046,5;2,65;2839,33; ; ;3,98;16120,75;5,67765987
04-08-2013 08:00;3036,13;0,96;2848,86; ; ;2,9;15270,41;5,36018267
04-08-2013 13:20;3056,24;1,9;3184,05; ; ;5,34;16507,94;5,184573107
04-08-2013 18:40;3056,73;0,9;3218,88; ; ;6,27;16001,27;4,971067576
05-08-2013 00:00;3073,33;0,83;3235,86; ; ;4;16162,11;4,994687656
05-08-2013 05:20;3066,18;0,66;3221,77; ; ;5,71;16389,42;5,08708567
05-08-2013 10:40;3032,96;2,83;2645,86; ; ;4,98;15298,29;5,781972591
05-08-2013 16:00;3018,08;1,06;2370,84; ; ;5,1;13561,67;5,720196217
05-08-2013 21:20;3065,13;0,8;2371,79; ; ;4,96;14703,07;6,19914495
06-08-2013 02:40;3058,47;0,77;2346,26; ; ;4,15;14127,84;6,02142985
06-08-2013 08:00;3062,43;2,77;3496,68; ; ;6,55;17085,12;4,88609767
06-08-2013 13:20;3035,42;175,9;2849,92; ; ;5,52;15685,39;5,503800107
06-08-2013 18:40;3024,61;1,33;1980,28; ; ;4,59;14411,21;7,277359767
07-08-2013 00:00;3105,67;1,32;2231,72; ; ;2,77;15718,38;7,043168498
07-08-2013 05:20;3042,72;0,97;2079,11; ; ;2;14178,62;6,819562217
07-08-2013 10:40;3018,15;1,18;2064,3; ; ;3,25;13881,03;6,724327859
07-08-2013 16:00;3037,62;0,86;2440,57; ; ;5,31;14250,54;5,839021212
07-08-2013 21:20;3043,25;1,11;2095,18; ; ;6,69;14545,94;6,942572953
08-08-2013 02:40;3024,1;0,88;2242,14; ; ;6,42;13866,86;6,184653947
08-08-2013 08:00;3045,67;0,58;2136,85; ; ;6,48;14229,85;6,659264806
08-08-2013 13:20;3005,12;1,18;2039,38; ; ;6,5;13660,44;6,698329885
08-08-2013 18:40;3041,05;0,88;2266,23; ; ;6,67;14741,75;6,504966398
09-08-2013 00:00;3093,25;0,74;2269,67; ; ;6,78;15668,69;6,903510202
09-08-2013 05:20;3049,32;0,88;1932,04; ; ;6,3;13792,48;7,138817002
09-08-2013 10:40;3033,17;0,78;2239,38; ; ;6,54;14336,04;6,401789781
09-08-2013 16:00;3015,72;0,93;2235,02; ; ;6,5;13991,28;6,260024519
09-08-2013 21:20;3044,54;1,1;2099,55; ; ;6,85;15186,54;7,233235693
10-08-2013 02:40;3035,95;0,79;2242,17; ; ;6,64;14612,68;6,517204315
10-08-2013 08:00;3022,55;1,14;2033,7; ; ;6,8;14629,01;7,19329793
10-08-2013 13:20;3024,71;1,13;2196,08; ; ;6,59;14400,2;6,557229245
10-08-2013 18:40;3041,82;0,62;2186,01; ; ;6,62;14570,67;6,665417816
11-08-2013 00:00;3066,67;0,83;1979,93; ; ;6,12;13630,13;6,884147419
11-08-2013 05:20;3020,36;1,84;2042,98; ; ;7,05;15212;7,445985766
11-08-2013 10:40;3006,92;2,15;2002,43; ; ;6,89;14819,42;7,400718127
11-08-2013 16:00;3027,12;1,06;2305,35; ; ;6,75;14780,45;6,411369206
11-08-2013 21:20;3075,04;0,76;2233,12; ; ;7,08;15760,43;7,057583112
12-08-2013 02:40;3022,6;1,55;2093,46; ; ;6,91;14861,03;7,098788608
12-08-2013 08:00;3012,45;1,32;2093,17; ; ;6,78;14530,41;6,941820301
12-08-2013 13:20;3029,31;1,04;2284,29; ; ;6,7;14626,93;6,403271914
12-08-2013 18:40;3047,72;1,48;1691,99; ; ;5,5;11562,84;6,833870177
13-08-2013 00:00;3050,73;1,1;2316,64; ; ;6,96;15433,16;6,661872367
13-08-2013 05:20;3021,94;1,3;2089; ; ;6,92;14661,02;7,018200096
13-08-2013 10:40;3012,17;1,41;2053,37; ; ;6,81;14478,28;7,050984479
13-08-2013 16:00;3031,67;1,26;2206,53; ; ;6,9;15136,28;6,859766239
13-08-2013 21:20;3041,53;0,93;2154,83; ; ;6,92;15035,88;6,977756946
14-08-2013 02:40;3042,03;0,98;2294,75; ; ;6,75;14759,74;6,431959908
14-08-2013 08:00;2904,2;2,26;763,11; ; ;2,46;5414,84;7,095752906
14-08-2013 13:20;2811,69;2,44;0; ; ;0;3,57;#DIV/0!
14-08-2013 18:40;2825,87;0;0; ; ;0;0;#DIV/0!
15-08-2013 00:00;2983,11;51,18;1382,79; ; ;-3,63;9614,65;6,953080367
15-08-2013 05:20;3007,69;1,49;1997,17; ; ;-6,77;14255,71;7,137955207
15-08-2013 10:40;3033,02;0,51;2290,06; ; ;-6,59;14148,96;6,178423273
15-08-2013 16:00;3057,71;16,28;2116,69; ; ;5,14;14620,59;6,907289211
15-08-2013 21:20;3063,96;1,35;2157,69; ; ;2,25;14536,77;6,737191163
16-08-2013 02:40;3051,45;1,21;2831,35; ; ;-7,29;16256,96;5,741769827
16-08-2013 08:00;3055,96;1,38;2891,08; ; ;-6,47;15853,54;5,483604743
16-08-2013 13:20;3106,24;2,97;3300,24; ; ;8,12;18533,3;5,615743097
16-08-2013 18:40;3120,76;3,34;3491,97; ; ;8,24;18931,29;5,421378191
17-08-2013 00:00;3089,73;3,58;3629,37; ; ;8,21;18771,76;5,172181398
17-08-2013 05:20;3068,01;4,79;3713,45; ; ;8,15;18572,7;5,001467638
17-08-2013 10:40;3054,99;2,39;3384,95; ; ;7,76;17513,02;5,173789864
17-08-2013 16:00;3061,47;1,11;2046,49; ; ;6,61;14678,36;7,172456254
17-08-2013 21:20;3034,13;0,92;2662,62; ; ;6,94;15044,44;5,650239238
18-08-2013 02:40;3067,72;2,6;3442,04; ; ;7,96;18028,58;5,237760165
18-08-2013 08:00;3063,64;2,17;3398,2; ; ;7,94;17865,86;5,257448061
18-08-2013 13:20;3068,89;4,37;3221,59; ; ;7,61;17204,83;5,340477839
18-08-2013 18:40;3128;0,84;3531,19; ; ;8,11;18352,11;5,197146005
19-08-2013 00:00;3129,26;1,48;3368,39; ; ;8,21;18521,46;5,498609128
19-08-2013 05:20;3062,41;1,98;3479,06; ; ;7,99;17897,15;5,144248734
19-08-2013 10:40;3076,46;1,79;3575,8; ; ;8,05;18174,2;5,082554953
19-08-2013 16:00;3082,86;1,15;3574,8; ; ;7,95;17694,78;4,949865727
19-08-2013 21:20;3092,96;2,83;3549,39; ; ;8,15;18598,52;5,239920099
20-08-2013 02:40;3061,25;4,43;3524,14; ; ;8,06;18499,79;5,249448092
20-08-2013 08:00;3091,47;3,51;3503,61; ; ;8,15;18870,91;5,38613316
20-08-2013 13:20;3074,49;3,82;3443,71; ; ;8,05;18741,32;5,442188802
20-08-2013 18:40;3103,58;4,93;3357,38; ; ;8,28;19596;5,836694089
21-08-2013 00:00;3098,66;4,46;3525,45; ; ;7,95;18211,73;5,165788765
21-08-2013 05:20;3086,5;1,62;3670,66; ; ;8,04;18195,54;4,957021353
21-08-2013 10:40;3073,73;3,34;3493,48; ; ;8,16;18788,6;5,378190229
21-08-2013 16:00;3064,95;3,83;3345,91; ; ;8,12;18660,59;5,577134472
21-08-2013 21:20;3124,68;1,7;3353,1; ; ;8,23;18950,34;5,651588083
22-08-2013 02:40;3136,12;0,87;3147,72; ; ;7,95;17488,68;5,555983378
22-08-2013 08:00;3070,98;1,74;3553,26; ; ;8,19;18467,97;5,19747218
22-08-2013 13:20;3077,15;2,37;3208,5; ; ;-4,47;17533,85;5,464812218
22-08-2013 18:40;3105,8;1,8;3353,22; ; ;-8,22;18964,47;5,655599692
23-08-2013 00:00;3171,08;3,46;2669,97; ; ;3,5;16995,66;6,365487253
23-08-2013 05:20;3146,58;1,42;3643,2; ; ;8,35;18891,81;5,185499012
23-08-2013 10:40;3080,81;15,44;3359,52; ; ;8,15;18790,81;5,593302019
23-08-2013 16:00;3086,27;3;3445,77; ; ;8,26;19057,94;5,530821848
23-08-2013 21:20;3108,41;4,63;3521,46; ; ;8,36;19690,69;5,591626768
24-08-2013 02:40;3126,1;6,66;3209,64; ; ;8,17;19051,85;5,935821463
24-08-2013 08:00;3066,62;4,03;3707,07; ; ;8,25;18939,48;5,109016015
24-08-2013 13:20;3079,25;3,27;3383,49; ; ;7,95;18124,41;5,356720428
24-08-2013 18:40;3096,64;4,6;3545,56; ; ;8,37;19711,84;5,559584382
25-08-2013 00:00;3111,92;3,6;3564,98; ; ;8,36;19668,54;5,517152971
25-08-2013 05:20;3113,94;2,26;3418,77; ; ;8,33;19448,07;5,688616081
25-08-2013 10:40;3063,11;33,01;3590,6; ; ;8,16;18934,04;5,273224531
25-08-2013 16:00;3060,86;4,5;3500,68; ; ;8,22;18925,76;5,406309631
25-08-2013 21:20;3063,02;4,94;3548,42; ; ;8,26;19018,35;5,359667119
26-08-2013 02:40;3083,46;3,68;3547,29; ; ;8,31;19198,11;5,412049762
26-08-2013 08:00;3061,18;3,55;3536,26; ; ;8,26;18836,09;5,326556871
26-08-2013 13:20;3055,6;3,38;3355,99; ; ;8,14;18384,2;5,478025858
26-08-2013 18:40;3046,11;3,28;3075,6; ; ;7,86;17765,85;5,776385096
27-08-2013 00:00;3046,94;3,81;3438,03; ; ;7,96;18140,07;5,276297764
27-08-2013 05:20;3032,24;3,93;3449,62; ; ;7,95;18001,32;5,218348688
27-08-2013 10:40;3028,41;2,91;3476,38; ; ;7,85;17740,01;5,103012329
27-08-2013 16:00;3054,87;12,42;3486,3; ; ;7,93;18342,08;5,261188079
27-08-2013 21:20;3064,93;4,62;3535,24; ; ;8,15;18918,18;5,351314196
28-08-2013 02:40;3082,36;4,19;3378,98; ; ;8,22;19415,69;5,746020989
28-08-2013 08:00;3038,37;4,57;3142,25; ; ;7,63;17545,97;5,583887342
28-08-2013 13:20;3006,34; ; ; ; ; ; ;#VALUE!
28-08-2013 18:40;3018,67;0,27;1916,71; ; ;6,68;14008,11;7,308413897
29-08-2013 00:00;3014,55;2,27;2873,38; ; ;7,58;16933,83;5,8933486
29-08-2013 05:20;3036,2;3,11;3337,08; ; ;7,91;17945,1;5,377485706
29-08-2013 10:40; ;-1,72E+10;-1,72E+10; ; ;-1,72E+10;-1,72E+10;1
29-08-2013 16:00;3049,03;1,78;2530,95; ; ;7,22;15800,24;6,242810012
29-08-2013 21:20;3074,33;4,78;3338,78; ; ;8,29;19157,47;5,737865328
30-08-2013 02:40;3085,77;4,76;3479,23; ; ;8,34;19531,98;5,613880083
30-08-2013 08:00;3046,5;4,16;3618,13; ; ;8,11;18557,48;5,129025215
30-08-2013 13:20;3068,9;2,63;3669; ; ;8,23;19024,14;5,185102208
30-08-2013 18:40;3084,46;3,36;3713,85; ; ;8,33;19532,48;5,259361579
31-08-2013 00:00;3103,85;2,39;3229,42; ; ;7,91;18608,54;5,762192592
31-08-2013 05:20;3143,26;2,44;3245,89; ; ;8,39;20241,89;6,23616019
31-08-2013 10:40;3108,63;18,71;3074,3; ; ;8,12;19458,66;6,329460365
31-08-2013 16:00;3102,45;4,6;3197,83; ; ;8,19;19179,03;5,997513939
31-08-2013 21:20;3091,35;37,83;2982,71; ; ;7,73;18295,47;6,133841372
01-09-2013 02:40;3058,22;4,42;3668,93; ; ;8,06;18929,77;5,159479739
01-09-2013 08:00;3058,82;2,41;3733,98; ; ;7,97;18666,87;4,999188533
01-09-2013 13:20;3038,66;1,75;2712,65; ; ;7,24;16320,54;6,016456233
01-09-2013 18:40;3084,38;2,59;3635,17; ; ; ;19097,92;5,253652511
02-09-2013 00:00;3084,36;5,51;3441,79; ; ; ;19365,92;5,62670006
02-09-2013 05:20;3054,18;2,65;3541,9; ; ; ;18540,36;5,23458031
02-09-2013 10:40;3059,86;4,84;3444,42; ; ; ;18582,77;5,395036029
02-09-2013 16:00;3076,46;8,16;3335,37; ; ; ;18470,97;5,537907339
02-09-2013 21:20;3123,84;6,46;3217,96; ; ; ;19923,63;6,191385225
03-09-2013 02:40;3060,39;4,45;3664,27; ; ; ;18952,21;5,172165261
03-09-2013 08:00;3087,93;0,4;622,68; ; ; ;3380,69;5,429257403
03-09-2013 13:20;2991,7;0;0; ; ; ;0;#DIV/0!
03-09-2013 18:40;2882,21;0;-0,02; ; ; ;0;0
04-09-2013 00:00;3012,27;2,39;1093,87; ; ; ;5860,72;5,357784746
04-09-2013 05:20;3064,1;1,96;2113,82; ; ; ;16042,14;7,589170317
04-09-2013 10:40;3055,6;2,65;3431,07; ; ; ;17849,34;5,202266348
04-09-2013 16:00;3061,57;2,01;3323,72; ; ; ;17790,81;5,352680129
04-09-2013 21:20;3065,41;2,14;2847,64; ; ; ;17605,54;6,182502002
05-09-2013 02:40;3074,77;3,29;3402,73; ; ; ;18598,17;5,465661395
05-09-2013 08:00;3046,05;1,96;2997,45; ; ; ;16977,4;5,663947689
05-09-2013 13:20;3067,06;1,54;2945,86; ; ; ;17387,39;5,902313756
05-09-2013 18:40;3064,84;4,73;3034,17; ; ; ;17413,31;5,739068674
06-09-2013 00:00;3066,94;1,98;2690,8; ; ; ;17291,21;6,426048015
06-09-2013 05:20;3080,14;4,53;2850,65; ; ; ;17290,37;6,065413151
06-09-2013 10:40;3055,1;1,56;2960,28; ; ; ;17299,66;5,843926926
06-09-2013 16:00;3073,52;1,5;3079,15; ; ; ;18047;5,861033077
06-09-2013 21:20;3081,39;2,23;3265,36; ; ; ;17992,17;5,510011147
07-09-2013 02:40;3089,82;7,64;3057,88; ; ; ;17684,14;5,783137337
07-09-2013 08:00;3047,46;1,27;2874,19; ; ; ;16902,85;5,880909056
07-09-2013 13:20;3066,64;1,64;2798,01; ; ; ;16554,53;5,91653711
07-09-2013 18:40;3083,71;4,61;2848,44; ; ; ;17428,37;6,118566654
08-09-2013 00:00;3130,17;6,94;3057,33; ; ; ;17926,85;5,863563959
08-09-2013 05:20;3127,24;2,66;3047,83; ; ; ;18040,69;5,919191687
08-09-2013 10:40;3073,19;2,4;2770,38; ; ; ;16030,91;5,786538309
08-09-2013 16:00;3074,48;4,41;2769,24; ; ; ;16919,2;6,109690745
08-09-2013 21:20;3086,71;42,73;3088,01; ; ; ;16927,4;5,481653233
09-09-2013 02:40;3097;2,53;3069,73; ; ; ;17287,06;5,631459444
09-09-2013 08:00;3064,82;2,13;2849,48; ; ; ;16116,72;5,65602145
09-09-2013 13:20;3046,59;6,97;2791,93; ; ; ;15407,65;5,518637645
09-09-2013 18:40;3088,97;1,15;2540,98; ; ; ;15092;5,939440688
10-09-2013 00:00;3058,95;14,87;2567,42; ; ; ;14283,18;5,563242477
10-09-2013 05:20;3040,32;41,41;2536,04; ; ; ;12977,99;5,117423227
10-09-2013 10:40;3072,78;2,3;3155,6; ; ; ;16815,49;5,328777412
10-09-2013 16:00;3068,25;2,84;2989,73; ; ; ;16919,84;5,659320407
10-09-2013 21:20;3080,63;3,92;2926,32; ; ;-1,72E+10;17229,14;5,887647284
11-09-2013 02:40;3080,81;4,38;3021,84; ; ;-1,72E+10;17693,95;5,855356339
11-09-2013 08:00;3074,03;25,07;2807,3; ; ;-1,72E+10;16816,37;5,990229046
11-09-2013 13:20;3064,51;2,2;2800,66; ; ;-1,72E+10;16394,31;5,853730906
11-09-2013 18:40;3092,41;2,55;2921,83; ; ;7,26;17359,35;5,941259416
12-09-2013 00:00;3101,19;30,74;2881,39; ; ;7,64;18883,62;6,553649454
12-09-2013 05:20;3108,04;33,32;2657,82; ; ;7,5;17423,9;6,555711071
12-09-2013 10:40;3061,04;2,88;2895,87; ; ;7,19;16340,27;5,642611719
12-09-2013 16:00;3070,39;2,66;3001,74; ; ;7,32;16860,17;5,616798923
12-09-2013 21:20;3092,23;8,05;3022,6; ; ;7,66;18228,26;6,030655727
13-09-2013 02:40;3068,5;5,01;2966,8; ; ;7,42;17253,96;5,815680194
13-09-2013 08:00;3065,85;7,17;2876,16; ; ;6,97;15529,66;5,399442312
13-09-2013 13:20;3135,14;5;2863; ; ;7,74;19016,28;6,642081732
13-09-2013 18:40;3172,01;5,45;2828,16; ; ;8,17;20364,63;7,200664036
14-09-2013 00:00;3149,31;26,58;2671,94; ; ;7,86;19708,1;7,375951556
14-09-2013 05:20;3109,6;33,2;3089,37; ; ;7,59;18114,04;5,863344306
14-09-2013 10:40;3089,57;2,75;3239,58; ; ;7,07;16179,99;4,994471506
14-09-2013 16:00;3131,02;1,74;3038,58; ; ;7,4;17226,77;5,669348841
14-09-2013 21:20;3092,12;3,53;2891,05; ; ;7,43;17021,24;5,887563342
15-09-2013 02:40;3070,21;2,75;2792,62; ; ;6,85;15007,28;5,37390694
15-09-2013 08:00;3069,1;2,33;3037,63; ; ;6,81;14932,22;4,915746816
15-09-2013 13:20;3074,09;2,18;2993,42; ; ;6,85;15268,85;5,100804431
15-09-2013 18:40;3083,99;1,69;2820,02; ; ;6,79;15432,93;5,4726314
16-09-2013 00:00;3092,71;3,93;3059,5; ; ;7,08;16328,15;5,336868769
16-09-2013 05:20;3071,22;2,42;2994,75; ; ;6,76;15257,84;5,094862676
16-09-2013 10:40;3076,61;2,37;3060,4; ; ;6,78;15354,35;5,017105607
16-09-2013 16:00;3122,88;2,24;3000,76; ; ;7,29;17367,99;5,787863741
16-09-2013 21:20;3132,93;3,92;2902,85; ; ;7,59;18378,66;6,331246878
17-09-2013 02:40;3120,05;4,74;2998,3; ; ;7,55;18285,85;6,098739286
17-09-2013 08:00;3115,14;3,92;2891,84; ; ;7,32;17366,5;6,005346077
17-09-2013 13:20;3117,73;1,27;2498,88; ; ;6,62;15665,75;6,269108561
17-09-2013 18:40;3127,13;2,06;3245,77; ; ;7,36;17696,12;5,452056061
18-09-2013 00:00;3142,87;4,64;2805,58; ; ;7,55;18634,31;6,641874407
18-09-2013 05:20;3119,28;3,28;2752,2; ; ;7,34;17958,81;6,525256159
18-09-2013 10:40;3112,09;2,3;3034,91; ; ;7,07;16979,83;5,594838068
18-09-2013 16:00;3127,19;1,82;3105,25; ; ;7,18;17276,96;5,563790355
18-09-2013 21:20;3144,25;3,36;3039,16; ; ;7,72;18892,17;6,216247253
19-09-2013 02:40;3136,14;3,52;3101,49; ; ;7,69;18873,21;6,085207433
19-09-2013 08:00;3120,54;3,32;3186,94; ; ;7,51;18314,43;5,746713148
19-09-2013 13:20;3101,23;6,69;2575,9; ; ;6,71;16078,18;6,241771808
19-09-2013 18:40;3120,39;80,77;2152,42; ; ;6,5;14300,35;6,64384739
20-09-2013 00:00;3161,24;10,7;3205,95; ; ;7,55;19178;5,982002215
20-09-2013 05:20;3175,96;3,83;3105,61; ; ;7,86;20101,31;6,472580266
20-09-2013 10:40;3107,99;5,85;3060,16; ; ;7,42;18214,48;5,952133222
20-09-2013 16:00;3088;4,68;2850,55; ; ;7,24;17541,89;6,153861535
20-09-2013 21:20;3082,67;3,38;2896,38; ; ;7,04;16920,35;5,841895746
21-09-2013 02:40;3098,51;2,52;3150,03; ; ;7,18;17364,6;5,512518928
21-09-2013 08:00;3077,88;2,69;3123,53; ; ;7,08;16853,91;5,395789379
21-09-2013 13:20;3076,3;51,75;3049,95; ; ;7,21;17223,45;5,647125363
21-09-2013 18:40;3067,1;6,38;3260,65; ; ;7,5;17977,15;5,5133639
22-09-2013 00:00;3050,85;1,78;3109,68; ; ;7,04;16157,03;5,195721103
22-09-2013 05:20;3076,82;2,25;3180,83; ; ;7,3;17259,01;5,425945429
22-09-2013 10:40;3047,77;1,8;3249,86; ; ;6,77;15384,68;4,733951616
22-09-2013 16:00;3058,1;2,26;3141,13; ; ;7,01;15893,99;5,059959314
22-09-2013 21:20;3084,49;2,04;3103,87; ; ;7,29;16938,99;5,457377403
23-09-2013 02:40;3113,08;1,44;3174,7; ; ;7,21;17062,55;5,374539327
23-09-2013 08:00;3082,48;2,09;3080,78; ; ;7,3;17075,07;5,542450289
23-09-2013 13:20;3068,38;5,54;3212,62; ; ;7,57;18001,86;5,603482516
23-09-2013 18:40;3094,38;113,46;2969,68; ; ;7,65;18565,97;6,251841949
24-09-2013 00:00;3115,53;1,82;2964,59; ; ;7,55;18027,96;6,081097217
24-09-2013 05:20;3069,52;2,41;2900,75; ; ;7,35;16971,6;5,850762734
24-09-2013 10:40;3048,95;1,16;2853,88; ; ;7,01;15623,4;5,474441813
24-09-2013 16:00;3055,1;17,47;2334,99; ; ;6,48;12165,7;5,210172206
24-09-2013 21:20;3098,39;7,21;3328,03; ; ;7,86;19061,58;5,72758659
25-09-2013 02:40;3051,76;3,86;3173,78; ; ;7,44;17357,21;5,468939246
25-09-2013 08:00;3035,49;4,9;2917,11; ; ;7,39;17001,8;5,828302669
25-09-2013 13:20;3051,57;1,88;2683,36; ; ;6,72;15001,68;5,59063264
25-09-2013 18:40;3049,26;1,73;2675,96; ; ;6,97;15179,26;5,672453998
26-09-2013 00:00;3059,4;5,67;3187,6; ; ;7,53;17626,6;5,529740243
26-09-2013 05:20;3031,81;3,57;2946,77; ; ;7,27;16562,29;5,620489553
26-09-2013 10:40;3020,49;1,94;2981,32; ; ;6,89;15369,83;5,155377484
26-09-2013 16:00;3034,61;1,53;2724,43; ; ;6,67;14638,07;5,372892678
26-09-2013 21:20;3049,02;1,18;3028,49; ; ;6,88;15017,71;4,958811157
27-09-2013 02:40;3078,62;6,97;3218,34; ; ;7,73;18536,39;5,759612098
27-09-2013 08:00;3080,37;5,86;3184,05; ; ;7,71;18503,2;5,811215276
27-09-2013 13:20;3087,34;5;3442,23; ; ;7,74;18820,13;5,467423734
27-09-2013 18:40;3104,61;4,82;3800,26; ; ;7,94;19524,95;5,137793204
28-09-2013 00:00;3099,5;6,14;3575,25; ; ;7,78;18457,68;5,16262639
28-09-2013 05:20;3077,95;7,31;3625,84; ; ;7,87;19050,37;5,254056991
28-09-2013 10:40;3094,49;7,58;3587,95; ; ;7,82;18834,32;5,249326217
28-09-2013 16:00;3094,51;4,24;3850,74; ; ;7,85;19205,36;4,987446569
28-09-2013 21:20;3104,02;5,87;3432,32; ; ;7,86;18574,73;5,411712777
29-09-2013 02:40;3093,17;45,97;3401,14; ; ;7,58;18396,35;5,408877612
29-09-2013 08:00;3098,64;5,31;3708,31; ; ;7,92;19459,88;5,247641109
29-09-2013 13:20;3081,93;1,76;3699,45; ; ;7,73;18421,3;4,979469921
29-09-2013 18:40;3085,67;1,59;3610,71; ; ;7,73;18382,51;5,091106735
30-09-2013 00:00;3076,94;3,45;3420,13; ; ;7,61;17414,49;5,091762594
30-09-2013 05:20;3089,5;3,09;3820,07; ; ;7,78;18760,99;4,911163932
30-09-2013 10:40;3113,65;2,23;3689,23; ; ;7,89;19360,21;5,247764439
30-09-2013 16:00;3129,09;1,97;3460,33; ; ;7,99;19840,13;5,733594773
30-09-2013 21:20;3116,49;8,58;3534,79; ; ;7,93;19580,13;5,539262587
01-10-2013 02:40;3156,92;1,98;2812,74; ; ;7,15;15425,5;5,484154241
01-10-2013 08:00;3148,15;0,87;1761,4; ; ;5,28;9040,26;5,13242875
01-10-2013 13:20;3097,07;1,95;3895,57; ; ;7,84;18766,71;4,817449051
01-10-2013 18:40;3115,7;4,52;3708,98; ; ;8,2;20272,19;5,465704857
02-10-2013 00:00;3136,95;3,57;3395,46; ; ;8,12;20238,61;5,960491362
02-10-2013 05:20;3109,05;3,64;3229,98; ; ;7,9;19476,26;6,029839194
02-10-2013 10:40;3053,54;2,01;2971,92; ; ;7,28;17025,2;5,728687179
02-10-2013 16:00;3097,06;4,63; ; ; ;7,35;17774,38;#VALUE!
02-10-2013 21:20;3092,74;4,97; ; ; ;7,4;17786,56;#VALUE!
03-10-2013 02:40;3112,5;2,16;2780,75; ; ;7,65;18288,62;6,576865953
03-10-2013 08:00;3121,92;1,13;649,07; ; ;4,09;4749,07;7,316730091
03-10-2013 13:20;3083,61;0;-1,72E+10; ; ;3;4,16;-2,42143E-10
03-10-2013 18:40;3024,01;0;-1,72E+10; ; ;3;0;0
04-10-2013 00:00;3089,07;0;0,21; ; ;3;1,11;5,285714286
04-10-2013 05:20;3083,95;3,78;2607,99; ; ;6,82;15703,28;6,021219407
04-10-2013 10:40;3081,05;4,78;2961,54; ; ;7,49;18369,65;6,202735739
04-10-2013 16:00;3077,88;3,22;3000,22; ; ;7,23;17393,44;5,797388192
04-10-2013 21:20;3084,64;0,97;2971,69; ; ;7,29;16857,65;5,672748503
05-10-2013 02:40;3084,68;0,54;2921,23; ; ;6,9;15059,78;5,155287328
05-10-2013 08:00;3058,07;1,38;3414,1; ; ;7,36;17084,46;5,004088925
05-10-2013 13:20;3062,52;2,16;3286,93; ; ;7,3;17297,3;5,262448546
05-10-2013 18:40;3083,09;2,85;3216,77; ; ;7,73;18633,72;5,792680235
06-10-2013 00:00;3093,72;2,53;3055,99; ; ;7,62;18373,83;6,012398601
06-10-2013 05:20;3080,21;1,67;3099; ; ;7,57;17845,01;5,758312359
06-10-2013 10:40;3069,84;0,6;3179,64; ; ;7,16;15937,45;5,012344165
06-10-2013 16:00;3056,27;1,2;3094,93; ; ;7,27;16700,39;5,39604773
06-10-2013 21:20;3070,18;4,45;2963,78; ; ;7,35;16623,73;5,608962204
07-10-2013 02:40;3073,49;0,92;3053,36; ; ;6,95;15434,35;5,054873975
07-10-2013 08:00;3057,13;0,56;3133,23; ; ;7,03;15626,54;4,987358094
07-10-2013 13:20;3081;3,68;2243,35; ; ;5,87;11643,03;5,190019391
07-10-2013 18:40;3089,52;20,57;3509,68; ; ;7,79;18827,12;5,364340909
08-10-2013 00:00;3082,53;3,92;2987,04; ; ;7,55;17946,49;6,008118405
08-10-2013 05:20;3066,71;2,23;3099,71; ; ;7,48;17676,21;5,702536689
08-10-2013 10:40;3061,72;2,26;3351,19; ; ;7,32;17291,1;5,159689543
08-10-2013 16:00;3097,69;2,15;3550,67; ; ;7,78;18971,37;5,343039483
08-10-2013 21:20;3071,7;2,15;3156,01; ; ;7,53;17992,38;5,700989541
09-10-2013 02:40;3043,66;1,89;3231,61; ; ;7,3;16917,99;5,235158327
09-10-2013 08:00;3031,98;1,79;2664,16; ; ;6,88;15793,15;5,928003573
09-10-2013 13:20;3026,1;1,27;2933,28; ; ;6,91;15712,61;5,356668985
09-10-2013 18:40;3051,78;1,4;2964,49; ; ;7,08;16372,22;5,522777948
10-10-2013 00:00;3054,29;1,65;3002,69; ; ;7,26;17121,01;5,701890638
10-10-2013 05:20;3047,55;1,42;2898,39; ; ;7,24;16876,16;5,822598063
10-10-2013 10:40;3051,38;1,52;2893,55; ; ;7,36;17469,07;6,037244907
10-10-2013 16:00;3064,57;1,5;2621,68; ; ;7,27;17147,44;6,540630435
10-10-2013 21:20;3049,51;1,12;2628,07; ; ;6,86;15754,36;5,994650066
11-10-2013 02:40;3086,47;1,52;2892,23; ; ;7,36;17732,41;6,131051127
11-10-2013 08:00;3050,83;1,74;2748,3; ; ;7,29;17113,46;6,226925736
11-10-2013 13:20;3058,03;1,49;2721,92; ; ;7,22;17047,93;6,263200241
11-10-2013 18:40;3085,44;1,26;3024,03; ; ;7,49;17236,63;5,699887237
12-10-2013 00:00;3077,05;1,6;2873,16; ; ;7,37;17549,57;6,10810745
12-10-2013 05:20;3042,19;1,54;2737,57; ; ;7,23;16848,19;6,154432581
12-10-2013 10:40;3064,2;1,32;2929,33; ; ;7,22;17052,14;5,821174125
12-10-2013 16:00;3100,84;1,97;2979,53; ; ;7,71;18870,04;6,333227053
12-10-2013 21:20;3101,78;1,87;2711,06; ; ;7,64;18668,8;6,886162608
13-10-2013 02:40;3043,86;1,65;2828,41; ; ;7,19;16651,5;5,887229928
13-10-2013 08:00;3023,01;1,53;2901,08; ; ;7,03;15933,11;5,492130517
13-10-2013 13:20;3037,53;1,41;3203,54; ; ;7,11;16327,22;5,096618116
13-10-2013 18:40;2998,97;28,88;1700,25; ; ;5,51;9548,45;5,615909425
14-10-2013 00:00;3057,66;1,81;2924,36; ; ;7,09;16453,13;5,626232748
14-10-2013 05:20;3035,75;1,6;2893,04; ; ;7,09;16050,63;5,548015237
14-10-2013 10:40;3058,3;1,59;2911,39; ; ;7,34;17208,42;5,910723057
14-10-2013 16:00;3039,25;1,69;2916,4; ; ;7,04;16259,84;5,575312029
14-10-2013 21:20;3095,73;2,69;2398,17; ; ;6,96;15682,74;6,539461339
15-10-2013 02:40;3079,12;1,81;3364,24; ; ;7,46;17740,13;5,273146387
15-10-2013 08:00;3057,97;1,76;3274,55; ; ;7,41;17504,84;5,34572384
15-10-2013 13:20;3040,11;1,96;2593,38; ; ;7,11;16393,74;6,321379821
15-10-2013 18:40;3044,8;3,3;2261,77; ; ;6,42;13962,74;6,173368645
16-10-2013 00:00;3069,27;1,8;2807,69; ; ;7,14;16878,72;6,011603845
16-10-2013 05:20;3064,56;1,76;2982,09; ; ;7,19;17008,31;5,703486481
16-10-2013 10:40;3055,76;1,51;3180,01; ; ;7,24;16827,62;5,291687762
16-10-2013 16:00;3086,95;2,18;3265,23; ; ;7,72;18169,34;5,564490097
16-10-2013 21:20;3018,27;23,53;1687,78; ; ;5,59;10589,03;6,273939731
17-10-2013 02:40;3060,16;1,36;2846,32; ; ;7,06;16510,47;5,800637314
17-10-2013 08:00;3069,47;1,62;2885,29; ; ;6,99;16448,61;5,700851561
17-10-2013 13:20;3074,89;1,72;2748,88; ; ;6,84;15166;5,517156078
17-10-2013 18:40;3078,8;1,99;3075,41; ; ;7,55;17543,58;5,704468672
18-10-2013 00:00;3076,22;4,07;2423,1; ; ;7,06;13788,13;5,690285172
18-10-2013 05:20;3098,39;1,64;3467,05; ; ;7,77;18458,76;5,32405359
18-10-2013 10:40;3087,92;1,93;2954,33; ; ;7,64;17485,9;5,918736228
18-10-2013 16:00;3066,3;1,5;2564,81; ; ;7,17;16289,12;6,351004558
18-10-2013 21:20;3102,14;1,84;2116,7; ; ;7,2;17183,88;8,118240658
19-10-2013 02:40;3084,8;1,66;2872,34; ; ;7,69;18003,26;6,267802558
19-10-2013 08:00;3053,15;1,59;2950,48; ; ;7,42;16827,17;5,703197446
19-10-2013 13:20;3039,09;1,39;2833,2; ; ;7,08;15829,58;5,587173514
19-10-2013 18:40;3044,07;1,73;2429,59; ; ;6,99;15584,57;6,414485572
20-10-2013 00:00;3069,35;1,62;2837,43; ; ;6,84;15728,77;5,543315606
20-10-2013 05:20;3045,41;1,4;2700,82; ; ;6,78;15271,63;5,654441984
20-10-2013 10:40;3060,55;1,19;2842,58; ; ;7,06;15959,81;5,614550866
20-10-2013 16:00;3058,82;1,79;2648,55; ; ;7,47;17490,26;6,603711465
20-10-2013 21:20;3069,02;1,61;1857,64; ; ;6,7;15257,53;8,213394414
21-10-2013 02:40;3067,96;1,52;2794,83; ; ;6,99;16132,4;5,772229438
21-10-2013 08:00;3081,33;1,8;2808,82; ; ;7,1;16946,54;6,033330723
21-10-2013 13:20;3136,83;2,5;2566,42; ; ;7,36;18337,63;7,145217852
21-10-2013 18:40;3093,76;2,2;2696,65; ; ;7,31;17543,16;6,505538353
22-10-2013 00:00;3116,15;5,8;2719,5; ; ;7,24;17612,39;6,476333885
22-10-2013 05:20;3051,59;1,99;2647,36; ; ;7,17;16390,34;6,191201801
22-10-2013 10:40;3056,14;1,66;3302,84; ; ;7,35;17167,59;5,197826719
22-10-2013 16:00;3104,62;1,99;3445,35; ; ;8,04;19086,98;5,539924826
22-10-2013 21:20;3006,23;1,84;703; ; ;4,2;4852,7;6,90284495
23-10-2013 02:40;3085,59;2,34;2912,3; ; ;7,3;17050,59;5,854681867
23-10-2013 08:00;3078,69;2,45;3021,03; ; ;7,96;19114,38;6,32710698
23-10-2013 13:20;3075,38;2,3;2735,32; ; ;7,79;18824,33;6,881947999
23-10-2013 18:40;3093,98;37,12;2307,75; ; ;7;15574,34;6,748711949
24-10-2013 00:00;3059,87;4,08;3156,26; ; ;7,68;18505,38;5,863072117
24-10-2013 05:20;3062,87;2,73;3336,84; ; ;7,76;18662,05;5,592731447
24-10-2013 10:40;3049,53;2,7;2716,88; ; ;7,38;17623,36;6,486617002
24-10-2013 16:00;3044,84;0,84;2149,76; ; ;6,92;15837,18;7,36695259
24-10-2013 21:20;3029,78;1,21;2450,46; ; ;7,01;16139,03;6,586122606
25-10-2013 02:40;3104,92;3;2730,62; ; ;8,26;20303,08;7,43533703
25-10-2013 08:00;3073,47;2,67;2636,47; ; ;7,96;19265,87;7,307448975
25-10-2013 13:20;3087,68;1,92;2503,26; ; ;7,84;18757,07;7,493057054
25-10-2013 18:40;3033,23;1,24;2498,91; ; ;7,5;17164,92;6,868962868
26-10-2013 00:00;3017,43;1,17;2999,38; ; ;7,37;16713,18;5,57221159
26-10-2013 05:20;3008,19;0,72;3361,89; ; ;7,32;16250,72;4,833804794
26-10-2013 10:40;2939,22;6,49;1966,06; ; ;5,78;9959,42;5,065674496
26-10-2013 16:00;2914,63;1,29;465,88; ; ;3,75;2100,42;4,508500043
26-10-2013 21:20;2983,9;1,34;2882,58; ; ;6,98;15502,52;5,378001651
27-10-2013 02:40;3004,14;1,31;3196,17; ; ;7,75;17444,31;5,457879274
27-10-2013 08:00;2977,71;1,18;3152,55; ; ;7,62;16814,4;5,333587096
27-10-2013 13:20;3020,79;1,64;3267,35; ; ;7,75;17788,46;5,444308078
27-10-2013 18:40;3024,5;0,56;2338,41; ; ;6,81;15273,68;6,531651849
28-10-2013 00:00;2993,14;1,06;2772,61; ; ;7,11;15657,33;5,647144748
28-10-2013 05:20;2961,08;1,09;3251,91; ; ;7,31;16074,15;4,942987352
28-10-2013 10:40;2996,34;1,31;3048,76; ; ;7,5;16354,72;5,364384209
28-10-2013 16:00;3022,32;2,18;2700,03; ; ;7,89;18238,98;6,755102721
28-10-2013 21:20;3014,73;5,36;2733,26; ; ;7,84;17885,72;6,543731661
29-10-2013 02:40;2985,28;1,77;2901,42; ; ;7,59;16922,23;5,832395861
29-10-2013 08:00;2973,02;1,77;3109,66; ; ;7,54;16742,75;5,384109517
29-10-2013 13:20;3041,31;1,9;3230,59; ; ;7,92;18815,85;5,82427668
29-10-2013 18:40;3079,34;1,3;2582,34; ; ;7,56;17538,36;6,791654081
30-10-2013 00:00;2998,44;1,28;2842,07; ; ;7,71;17352,62;6,105627236
30-10-2013 05:20;3000,31;0,89;3199,53; ; ;7,93;17625,19;5,508680963
30-10-2013 10:40;2966,96;0,76;3383,75; ; ;7,64;16594,46;4,904162542
30-10-2013 16:00;2972,49;0,77;2836,72; ; ;7,28;16096,33;5,674275219
30-10-2013 21:20;3007,37;1;2565,26; ; ;7,4;16848,67;6,568016497
31-10-2013 02:40;3017,25;1,26;3138,04; ;-1,72E+10;7,97;18133,56;5,778626149
31-10-2013 08:00;3000,02;0,35;3064,45; ;-1,72E+10;7,52;15278,72;4,985795167
31-10-2013 13:20;2966,74;1,19;3201,22; ;-1,72E+10;7,84;17074,86;5,333860216
31-10-2013 18:40;3009,66;0,68;2998,09; ;-1,72E+10;7,88;17095,48;5,702123685
01-11-2013 00:00;2975,24;0,59;2951,04; ;3100;7,26;14470,29;4,903454375
01-11-2013 05:20;2944,35;0,72;3495,03; ;3100;7,6;15862,86;4,538690655
01-11-2013 10:40;2936,5;1,05;3371,3; ;3100;7,77;16252,58;4,820864355
01-11-2013 16:00;2956,63;0,8;3401,31; ;3100;7,96;16982,62;4,992964475
01-11-2013 21:20;3047,37;0,72;3001,79; ;3085,79;8,27;17250,01;5,746574544
02-11-2013 02:40;2947,74;1,11;3313,31; ;3080;7,94;16993,43;5,128837929
02-11-2013 08:00;2936,93;1,25;3236,28; ;3080;7,97;16952,78;5,238353913
02-11-2013 13:20;2943,68;0,92;3220,84; ;3080;7,97;16905,95;5,248925746
02-11-2013 18:40;3016,98;0,54;2990,83; ;3058,05;8,22;17598,65;5,884202713
03-11-2013 00:00;2939,72;1,02;3620,08;-1,72E+10;3050;8;16953,52;4,683189322
03-11-2013 05:20;2931,42;1,12;3694,88;-1,72E+10;3050;8,1;17188,49;4,651975166
03-11-2013 10:40;2938,48;1,15;3485,5;-1,72E+10;3050;8,14;17330,07;4,972047052
03-11-2013 16:00;2931,55;0,65;2950;-1,72E+10;3050;7,45;15424,82;5,228752542
03-11-2013 21:20;2953,48;7,41;2583,12;2928,33;3052,81;7,53;15705,97;6,080232432
04-11-2013 02:40;2906,71;1,31;3436,36;3461,77;3050;7,93;16625,34;4,838067024
04-11-2013 08:00;2926,57;0,75;3563,69;3677,34;3050;8;16325,44;4,581049418
04-11-2013 13:20;2924,43;1,49;3345,61;3396,8;3050;8,2;17448,44;5,215323962
04-11-2013 18:40;2989,44; ; ; ; ; ; ;#VALUE!
05-11-2013 00:00;2988,49;0,53;2536,32;3000;3050;8,02;16143,34;6,364867209
05-11-2013 05:20;2881,24;5,74;2022,14;3173,44;3050;6,45;11526,18;5,699991099
05-11-2013 10:40;2712,06;0,31;0;3300;3050;3;0;#DIV/0!
05-11-2013 16:00; ;-1,72E+10;-1,72E+10;-1,72E+10;-1,72E+10;-1,72E+10;-1,72E+10;1
05-11-2013 21:20;2766,43;0,52;0;3300;3050;3;1,75;#DIV/0!
06-11-2013 02:40;2848,56;6,36;169,09;3234,11;3050;3,25;1066,15;6,305222071
06-11-2013 08:00;2882,58;1,96;1845,56;2189,17;3050;6,21;10511,21;5,695404105
06-11-2013 13:20;2896,42;0,33;2048,66;2106,51;3050;6,78;13176,69;6,431857897
06-11-2013 18:40;2920,58;1,44;1773,16;2140,78;3050;6,32;11403,2;6,431004534
07-11-2013 00:00;2892,94;4,39;2171,32;2200;3050;6,86;13377,32;6,160915941
07-11-2013 05:20;2878,67;0,16;2201,14;2200;3050;6,81;13051;5,929200323
07-11-2013 10:40;2867,55;0,17;2178,4;2179,69;3050;6,69;12697,87;5,828989166
07-11-2013 16:00;2871,06;0,17;2151,49;2149,95;3050;6,68;12664,01;5,886157965
07-11-2013 21:20;2874,84;0,13;2175,01;2178,85;3050;6,6;12288,38;5,649803909
08-11-2013 02:40;2877,7;0,14;2612,04;2629,27;3050;6,99;13078;5,006814597
08-11-2013 08:00;2857,15;0,75;3500,71;3500;3050;7,93;15162,49;4,331261373
08-11-2013 13:20;2866,89;0,47;3345,63;3344,48;3050;7,88;15264,89;4,562635438
08-11-2013 18:40;2892,97;0,69;3300,55;3300;3050;8,11;16209,28;4,911084516
09-11-2013 00:00;2891,48;0,9;3369,52;3373,15;3050;8,11;16139,03;4,789711888
09-11-2013 05:20;2873,72;0,48;3649,93;3650;3050;7,9;15405,67;4,220812454
09-11-2013 10:40;2896,14;0,45;3571,05;3591,28;3050;7,96;15738,18;4,407157559
09-11-2013 16:00;2881,57;0,85;2725,58;3371,41;3050;7,58;14959,95;5,488721667
09-11-2013 21:20;2878,38;0,6;3177,44;3293,86;3050;7,9;15254,47;4,800867994
10-11-2013 02:40;2874,84;0,71;3350,15;3350;3050;8,01;15475,63;4,619384207
10-11-2013 08:00;2875,47;0,32;3659,21;3664,82;3050;8,02;15602,62;4,263931286
10-11-2013 13:20;2881,87;0,31;3696,96;3700;3050;8;15724,1;4,25325132
10-11-2013 18:40;2899,77;2,32;2603,07;3700;3050;7,8;11675,98;4,485465239
11-11-2013 00:00;2908,97;0,64;3416,19;3415,03;3052,67;8,25;16707,71;4,890743782
11-11-2013 05:20;2958,62;0,13;3238,88;3313,93;3051,77;8,34;16815,8;5,191856444
11-11-2013 10:40;2898,02;0,57;3303,62;3364,61;3050;7,99;15668,38;4,742791241
11-11-2013 16:00;2906,36;0,36;3456,83;3444,84;3050;8,29;16432,95;4,753762841
11-11-2013 21:20;2937,14;126,05;1943,14;3500;3050;6,72;10760,9;5,537892277
12-11-2013 02:40;2892,38;2,64;3685,28;3735,91;2955,48;8,24;16489,26;4,474357444
12-11-2013 08:00;2885,77;1,45;3676,87;3740,39;2950;8,35;16786,53;4,565440171
12-11-2013 13:20;2894,5;1,41;3348,39;3450;2950;8,37;16938,05;5,05856546
12-11-2013 18:40;2909,13;0,83;3350,49;3420,69;2965,65;8,28;16809,01;5,016881113
13-11-2013 00:00;2919,39;1,21;3631,06;3651,93;2979,96;8,24;16908,66;4,656673258
13-11-2013 05:20;2902,6;1,11;3433,79;3644,95;2950;8,4;17172,95;5,001164894
13-11-2013 10:40;2932,84;0,31;3455,35;3646,41;2999,65;8,4;16765,12;4,851931063
13-11-2013 16:00;2976,32;0,16;3347,96;3524,74;3050;8,38;16296,39;4,867558155
13-11-2013 21:20;3034,68;4,87;2754,06;3253,28;3050;8,34;16716,65;6,069820556
14-11-2013 02:40;2959,11;0,29;3167,84;3618,31;2988,56;8,39;17275,99;5,453555104
14-11-2013 08:00;2956,79;0,08;3230,03;3712,53;2982,78;8,38;17320,93;5,362467222
14-11-2013 13:20;3003,46;0,11;3759,79;4071,35;3070;8,35;17572,34;4,673755715
14-11-2013 18:40;2969,68;0,18;3791,19;4178,7;3070;8;15776,44;4,161342481
15-11-2013 00:00;2969,29;1,13;3161,65;3564,87;2984,45;8,35;17929,13;5,67081429
15-11-2013 05:20;2911,79;0,71;3361,43;3400;2960;8,28;17416,02;5,18113422
15-11-2013 10:40;2911,11;0,43;3352,17;3414,84;2960;8,23;17136,2;5,111972245
15-11-2013 16:00;2938,69;0,31;3395,15;3672,76;2976,79;7,93;16587,59;4,885672209
15-11-2013 21:20;3019,59;2,15;3009,46;3581,25;3007,34;8,2;18779,48;6,240149396
16-11-2013 02:40;3022,75;1,59;3048,46;3589,41;3007,54;8,31;19205,46;6,300053142
16-11-2013 08:00;2952,38;1,01;3424,99;3547,3;3040;8,28;18102,67;5,285466527
16-11-2013 13:20;2920,11;0,97;3794,96;3800;3040;8,23;17457,25;4,600114362
16-11-2013 18:40;2962,27;0,31;3349,86;3609,32;3068,8;8,06;16327,34;4,874036527
17-11-2013 00:00;2952,65;0,54;3093,37;3187,36;3019,38;8,38;17740,54;5,735020382
17-11-2013 05:20;2929,02;0,53;3016,52;3153,18;2978,82;8,38;17524,4;5,80947582
17-11-2013 10:40;2942,47;0,44;3197,99;3464,38;2998,43;8,33;17313,44;5,413850575
17-11-2013 16:00;2923,84;0,42;3590,01;3598,52;3000;8,25;17364,15;4,836797112
17-11-2013 21:20;2986,06;14,25;2625,42;3464,61;3000,98;7,67;15938;6,070647744
18-11-2013 02:40;2944,01;0,86;3018,78;3189,86;2965,47;8,36;18120,47;6,002580513
18-11-2013 08:00;2932,71;1,24;3132,04;3266,16;2948,71;8,37;18012,33;5,75098977
18-11-2013 13:20;2943,49;0,28;3594,25;3617,71;3016,69;8,26;17767,75;4,94338179
18-11-2013 18:40;3076,51;1,55;2892,76;3650;3020;8,46;19079,88;6,595735561
19-11-2013 00:00;3061,31;0,07;2814,96;3456,04;3070,88;8,4;16997,63;6,03832026
19-11-2013 05:20;2989,44;0,1;3703,25;3900;3070;8,4;16948,5;4,57665564
19-11-2013 10:40;2960,81;0,39;3608,28;3695,99;3076,57;8,29;16694,05;4,626594943
19-11-2013 16:00;2894,38;0,44;3451,22;3450;3080;8,09;16528,19;4,789086178
19-11-2013 21:20;2944,37;0,18;3391,16;3452,79;3055,23;8,3;16998,69;5,01264759
20-11-2013 02:40;2903,84;0,43;3336,01;3333,46;3008,7;8,34;17086,54;5,121849155
20-11-2013 08:00;2992,01;0,11;3049,7;3308,18;3028,53;8,42;17135,42;5,618723153
20-11-2013 13:20;2891,59;4,61;3336,95;3502,14;3080;7,83;15764,42;4,724200243
20-11-2013 18:40;2983,75;0,81;3308,65;3553,44;3080;8,26;16852,23;5,09338552
21-11-2013 00:00;2991,86;0,76;2990,72;3374,17;3038,49;8,37;16847,66;5,63331238
21-11-2013 05:20;2950;0,91;3504,68;3510,47;3030;8,36;16916,02;4,826694591
21-11-2013 10:40;2929,2;1,44;3470,43;3530,31;3061,42;8,35;17022,27;4,904945497
21-11-2013 16:00;3029,43;5,88;2927,18;3618,85;3077,61;8,16;17044,68;5,822901222
21-11-2013 21:20;3024,56;13,61;2283,82;3600;3080;7,88;15785,98;6,912094648
22-11-2013 02:40;2895,27;1,3;3595,48;3600;3005,88;8,4;17032,15;4,737100471
22-11-2013 08:00;2921,54;1,48;3496,78;3601,93;3000;8,42;16758,08;4,792431894
22-11-2013 13:20;2894,94;2,69;3601,01;3639,79;2962,34;8,22;16815;4,669523273
22-11-2013 18:40;2920,71;1,21;3611,93;3700;3000;8,42;17412,44;4,820813249
23-11-2013 00:00;2974,44;0,38;3052,9;3427,5;3000;8,6;17401,83;5,700098267
23-11-2013 05:20;2975,31;0,72;3278,16;3588,65;3000;8,58;17100,53;5,21650255
23-11-2013 10:40;2906,66;1,28;3556,55;3541,59;2975,31;8,48;17097,02;4,807192363
23-11-2013 16:00;2884,88;1,97;3677,74;3750;2955,12;8,44;16916,7;4,599754197
23-11-2013 21:20;2890,64;2,15;3637,53;3636,41;2955,89;8,6;17316,72;4,760571047
24-11-2013 02:40;2962,27;0,59;3410,48;3500;3036,69;8,65;17318,81;5,078115104
24-11-2013 08:00;2918,95;1,5;3580,96;3592,08;3024,32;8,66;16931,08;4,728084089
24-11-2013 13:20;2882,8;2,97;2916,71;2955,42;2931,7;7,66;15315,63;5,250995128
24-11-2013 18:40;2882,19;2,73;3877,82;3931,7;2921,22;8,47;16919,21;4,363072551
25-11-2013 00:00;2908,98;1,4;3671,94;3701,41;3009,32;8,47;17102,63;4,657655082
25-11-2013 05:20;2981,16;0,66;3083,25;3500;3020;8,76;17913,25;5,809859726
25-11-2013 10:40;2962,29;1,92;3070,47;3608,33;3000,53;8,56;17801,34;5,797594505
25-11-2013 16:00;2919,71;1,98;2899,36;3807,32;2931,22;7,65;15058,7;5,193801391
25-11-2013 21:20;2903,29;2,71;3513,17;3835,83;2920;8,12;16117,79;4,587819548
26-11-2013 02:40;2883,17;3,67;3719,79;3720;2920;8,51;17288,71;4,647765062
26-11-2013 08:00;2905,09;2,07;3612;3733,5;2920;8,54;17347,34;4,802696567
26-11-2013 13:20;2896,15;1,88;3762,81;3800;2908,57;8,53;17346,81;4,610068008
26-11-2013 18:40;2917,83;2,23;3520,9;3700,52;2900;8,67;17803,07;5,056397512
27-11-2013 00:00;2913,77;5,56;3559,22;3638,28;2900;8,62;17407,21;4,890737296
27-11-2013 05:20;2925,08;2,43;3444,83;3716,41;2900;8,67;17248,12;5,006958253
27-11-2013 10:40;2862;1,87;3737,92;3732,53;2900;8,38;16538,09;4,424409832
27-11-2013 16:00;2930,35;1,75;3615,9;3750;2881,61;8,7;17537,74;4,850172848
27-11-2013 21:20;2862,83;3,34;3730,59;3750;2880;8,4;16632,54;4,458420786
28-11-2013 02:40;2842,65;3,06;3750,47;3750;2880;8,26;16082,21;4,288051897
28-11-2013 08:00;2833,14;2,38;3748,76;3750;2880,73;8,33;15928,95;4,249125044
28-11-2013 13:20;2878,34;19,7;2548,62;3776,64;2923,62;6,82;11843,09;4,646863793
28-11-2013 18:40;2895;0,97;3476,15;3863,44;2961,59;8,25;15836,56;4,555775786
29-11-2013 00:00;2880,16;4,64;3634,44;3900;2980;8,62;17050,42;4,691347223
29-11-2013 05:20;2858,03;2,26;3687,52;3900;2980;8,52;16698,58;4,528403914
29-11-2013 10:40;2844,31;2,65;3802,29;3900;2980;8,57;16569,22;4,357694968
29-11-2013 16:00;2941,39;7,22;3311,03;3900;2980;8,64;16653,44;5,029685627
29-11-2013 21:20;2864,59;4,84;3539,79;3900;2980;8,74;16846,68;4,75923148
30-11-2013 02:40;2825,49;3,41;3450,35;3900;2980;8,63;16150,97;4,680965699
30-11-2013 08:00;2859,37;2,3;3353,48;3900;2980;8,82;16459,63;4,908223696
30-11-2013 13:20;2833,64;4;3493,97;3774,48;2980;8,69;16503,17;4,72332905
30-11-2013 18:40;2832,65;1,43;3572,89;3700;2980;8,62;15967,45;4,469057262
01-12-2013 00:00;2822,85;2,41;3267,66;3528,67;2934,55;8,63;16064,61;4,916242816
01-12-2013 05:20;2831,32;2,47;3241,51;3250;2860;8,74;16300,15;5,028566933
01-12-2013 10:40;2830,26;2,14;3182,94;3332,99;2869,82;8,57;15851,27;4,980071883
01-12-2013 16:00;2864,46;1,45;3357,54;3482,08;2880;8,63;16639,55;4,955875433
01-12-2013 21:20;2842,18;8,46;2460,96;2580,36;2874,58;7,92;14981,61;6,087709674
02-12-2013 02:40;2874,45;2,63;3344,12;3590,21;2874,41;8,83;16959,49;5,071435834
02-12-2013 08:00;2858,3;2,39;3146,24;3487,6;2862,73;8,77;16671,39;5,298829714
02-12-2013 13:20;2829,36;2,48;3637,9;3661,12;2880;8,6;16203,36;4,454042167
02-12-2013 18:40;2878,92;4,48;3656,84;3900;2880;8,72;16775,21;4,587351374
03-12-2013 00:00;2880,17;2,55;3167,2;3545,65;2872,67;8,79;17186,54;5,426414499
03-12-2013 05:20;2856,26;4,12;3251,81;3300;2860;8,79;17254,5;5,306121821
03-12-2013 10:40;2915,55;1,31;3190,36;3300;2860;8,69;17382,37;5,448403942
03-12-2013 16:00;2889,53;1,63;2917,32;3300;2860;8,7;16883,54;5,78734592
03-12-2013 21:20;2897,63;1,12;2975,24;3335,62;2869,61;8,64;16717,3;5,618807222
04-12-2013 02:40;2835,3;1,96;3471,54;3545,83;2880;8,64;16503,82;4,754034233
04-12-2013 08:00;2829,97;0,38;483,16;3800;2880;3,86;2796,29;5,787503105
04-12-2013 13:20;2783,05;3,65;0;3800;2880;3;2,18;#DIV/0!
04-12-2013 18:40;2784,72;6,2;0;3800;2880;3;2,48;#DIV/0!
05-12-2013 00:00;2873,76;0,23;829,77;3804,22;2883,94;4,15;4203,95;5,066403943
05-12-2013 05:20;2955,81;1,03;3879,82;3900;3000;8,04;15381,23;3,964418452
05-12-2013 10:40;2883,05;2,3;3669,42;3900;3000;7,98;15506,68;4,225921263
05-12-2013 16:00;2892,06;2,51;3144,37;3900;3000;7,13;12606,66;4,009280078
05-12-2013 21:20;2896,89;0,9;3712,7;3751,88;3000;8,14;15447,99;4,160850594
06-12-2013 02:40;2943;0,06;3499,17;3600;3000;8,13;14763,93;4,219266283
06-12-2013 08:00;2905,93;1,27;3537,07;3600;3000;8,14;15310,75;4,328653377
06-12-2013 13:20;2854,48;1,38;3921,02;3845,91;3029,4;7,78;14570,31;3,715948911
06-12-2013 18:40;2844,61;3,46;3863,99;3882,24;3050;8,06;15002,48;3,882639448
07-12-2013 00:00;2837,34;2,54;3880,15;3895,94;3050;8,06;14965,4;3,856912748
07-12-2013 05:20;2955,63;0,45;3596,38;4000;3019,56;8,38;16620,47;4,621444341
07-12-2013 10:40;2901,61;2,67;3367,18;3944,92;3018,39;8,12;15304,9;4,545316853
07-12-2013 16:00;2858,8;2,26;3795,71;3858,23;3050;8,19;15557,12;4,098606058
07-12-2013 21:20;2926,47;2,43;3119,87;3890,62;3027,45;8,13;14240,74;4,564529932
08-12-2013 02:40;2831,33;1,95;3484,21;3571,88;3000;7,82;13292,92;3,815189096
08-12-2013 08:00;2837,42;2,46;3517,11;3519,61;2999,69;8,1;14580,28;4,145528573
08-12-2013 13:20;2752,6;13,29;1530,64;3650,38;2890;6,26;6604,51;4,31486829
08-12-2013 18:40;2860,51;2,72;3240,54;3765,44;2890,03;7,43;12985,98;4,007350627
09-12-2013 00:00;2851,58;2,38;3479,14;3613,18;2980,83;8,14;15102,06;4,340745127
09-12-2013 05:20;2847,76;2,94;3331,5;3347,66;3050;8,09;15000,81;4,502719496
09-12-2013 10:40;2823,72;3,97;3351,98;3350,09;2932;7,8;13620,74;4,063490832
09-12-2013 16:00;2843,76;2,87;3527,49;3541,85;2821,07;7,86;14572,76;4,131198104
09-12-2013 21:20;2852,5;2,34;3552,46;3557,08;2877,89;8,01;15609,03;4,393865096
10-12-2013 02:40;2829,25;3,36;3416,15;3421,07;2900;7,64;14129,87;4,136197181
10-12-2013 08:00;2847,48;2,12;3311,79;3320,4;2886,67;7,69;14190,57;4,284864077
10-12-2013 13:20;2844,12;2,46;3296,03;3300;2845,61;7,69;14525,27;4,406898602
10-12-2013 18:40;2836,27;2,57;3287;3291,61;2832,45;7,65;13836,69;4,209519319
11-12-2013 00:00;2879,13;3,29;3315,99;3374,43;2904,16;8,05;15527,23;4,682532215
11-12-2013 05:20;2880,6;1,75;3270,05;3400;2900;8,08;15415,52;4,714154218
11-12-2013 10:40;2866,31;3,73;3186,12;3492,29;2845,64;7,72;15012,44;4,711825041
11-12-2013 16:00;2852,91;9,39;3328,25;3594,8;2830,54;7,61;14194,2;4,264763765
11-12-2013 21:20;2868,33;5,62;3617,98;3604,9;2840,46;8,28;16118,04;4,454983167
12-12-2013 02:40;2879,63;6,37;3281,87;3750;2900;7,54;14188,58;4,323321765
12-12-2013 08:00;2904,01;3,06;2511,62;3750;2900;6,68;11574,93;4,608551453
12-12-2013 13:20;2909,3;2,41;2174,91;3737,73;2888,2;6,76;12659,22;5,820571886
12-12-2013 18:40;2895,1;6,9;3273,67;3750;2817;8,2;16667,8;5,091472262
13-12-2013 00:00;2888,17;11,9;3470,76;3750;2817;8,3;17214,62;4,959899273
13-12-2013 05:20;2940,34;5,47;3614,3;3750;2817;8,46;17132,56;4,740215256
13-12-2013 10:40;2943,29;2,46;3024,54;3750;2817;8,34;17023,81;5,628561699
13-12-2013 16:00;3003,12;2,38;2440,8;3750;2817;8,17;18096,11;7,414007702
13-12-2013 21:20;2871,84;5,08;3694,26;3774,59;2817,27;7,9;15357,1;4,157016561
14-12-2013 02:40;2895,66;5,72;2982,2;2998,46;2818;7,97;15897,46;5,330782644
14-12-2013 08:00;2877,22;5,01;3503,53;3366,27;2840,59;8,05;16054,22;4,582298425
14-12-2013 13:20;2898,53;3,03;3726,96;3736,3;2900;8,3;16649,31;4,467262863
14-12-2013 18:40;2920,25;2,32;3626,9;3750;2900;8,31;16632,69;4,585924619
15-12-2013 00:00;2857,73;4,39;3677,58;3684,38;2819,76;7,89;15145,49;4,118330533
15-12-2013 05:20;2859,49;3,6;3319,55;3325,72;2829,53;7,94;15202,1;4,579566508
15-12-2013 10:40;2870,62;3,33;3516,55;3513,87;2891,14;8,12;15760,78;4,481887077
15-12-2013 16:00;2886,45;3;3687,21;3719,2;2950;8,2;16149,98;4,380000054
15-12-2013 21:20;2894,71;3,74;3596,92;3683,24;2882,35;8,24;16316,31;4,536189295
16-12-2013 02:40;2882,56;6,28;3351,23;3422,86;2818;8,24;16491,62;4,921064803
16-12-2013 08:00;2889,82;3,84;3456,77;3499,79;2849,76;8,3;16501,58;4,773699147
16-12-2013 13:20;2885;2,46;3734,43;3750;2950;8,18;15907,64;4,259723706
16-12-2013 18:40;2944,33;0,39;3739,85;3750;2940,31;8,38;16595,01;4,437346418
17-12-2013 00:00;2892,2;2,74;3664,68;3663,26;2827,49;8,06;15999,44;4,365849133
17-12-2013 05:20;2909,8;2,15;3524,82;3560,31;2818;8,23;17012;4,826345742
17-12-2013 10:40;2924,23;1,26;3546,51;3674,56;2881,55;8,33;17068,7;4,81281598
17-12-2013 16:00;2897,19;2,51;3732,38;3773,2;2900;8,27;16779,8;4,495737304
17-12-2013 21:20;2882,78;2,37;3699,25;3703,03;2858,62;8,13;15732,71;4,252945867
18-12-2013 02:40;2910,6;2,08;1907,82;3389,1;2818;5,78;8776,5;4,600276756
18-12-2013 08:00;2885,22;2,46;3737,97;3755,15;2818;8,06;16597,61;4,440273731
18-12-2013 13:20;2889,5;2,99;3609,6;3644,11;2818;8,27;17187,44;4,761591312
18-12-2013 18:40;2878,03;2,56;3529,94;3605,29;2844,8;8,11;16357,36;4,633891794
19-12-2013 00:00;2898,65;2,46;3549,42;3598,93;2880,06;8,21;17115,46;4,822044165
19-12-2013 05:20;2873,36;2,48;3313,46;3352,29;2900;7,81;15478,28;4,671334496
19-12-2013 10:40;2852,95;2,88;3207,67;3209,79;2900;7,38;13180,74;4,109132174
19-12-2013 16:00;2879,26;2,74;3248,89;3249,79;2900;7,66;14370,48;4,423196846
19-12-2013 21:20;2885,97;2,86;3204,94;3229,09;2900;7,74;14842,06;4,630994652
20-12-2013 02:40;2887,11;3,3;3437,32;3434,92;2900;7,69;14450,41;4,203975772
20-12-2013 08:00;2911,17;3,34;3380,62;3413,07;2900;7,97;16047,79;4,746996113
20-12-2013 13:20;2867,05;2,58;3287,11;3289,38;2900;7,47;14103,71;4,290610901
20-12-2013 18:40;2871,27;2,82;3056,34;3055,94;2900;7,6;14422,6;4,718912163
21-12-2013 00:00;2916,08;3,91;2516,03;3375,89;3352,89;7;13458,24;5,348998223
21-12-2013 05:20;2856,59;3,33;2222,96;2319,09;3450;6,36;11290,25;5,078926296
21-12-2013 10:40;2868,73;3,31;2034,93;2000;2987,37;6,41;11986,36;5,890305809
21-12-2013 16:00;2861,57;2,93;2082,83;2209,09;2900;5,97;10642,81;5,109783324
21-12-2013 21:20;2852,39;3,63;2396,9;2413,36;2900;5,89;10667,06;4,450356711
22-12-2013 02:40;2851,45;2,86;3801,99;3829,97;2900;7,24;13450,41;3,537728926
22-12-2013 08:00;2858,9;3,69;2849,02;3008,31;2900;6,73;12441,34;4,366884051
22-12-2013 13:20;2919,28;5,61;3087,69;3396,2;2900;6,93;14185,77;4,59429865
22-12-2013 18:40;2895,43;4,27;3647,56;3962,5;2900;7,28;14141,81;3,877060281
23-12-2013 00:00;2871,79;3,04;3951,5;3950;2900;7,76;15239,54;3,856646843
23-12-2013 05:20;2905,33;3,71;3754;3950;2900;7,75;15891,05;4,233098029
23-12-2013 10:40;2951,93;3,13;3562,7;3950;2900;8,33;18265,88;5,126976731
23-12-2013 16:00;2898,37;5,26;3671,8;3692,4;2840,34;7,98;16715,31;4,552347622
23-12-2013 21:20;2951,23;4,95;3301,58;3541,33;2859,51;8,11;17541,18;5,312965308
24-12-2013 02:40;2947,07;12,18;3409,83;3400;2900;7,76;16813,71;4,930952569
24-12-2013 08:00;2924,57;4,35;3288,99;3400;2876,98;7,22;14299,7;4,347748093
24-12-2013 13:20;2933,59;4,4;3234,99;3238,52;2818;7,41;14682,27;4,538582809
24-12-2013 18:40;2937,43;6,73;3262,49;3287,89;2818;7,32;15115,26;4,633044086
25-12-2013 00:00;2937,64;2,58;3236,43;3271,2;2889,49;7,42;15454,9;4,775292529
25-12-2013 05:20;2982,12;4,09;3269,08;3300;2900;8,12;17984,1;5,501272529
25-12-2013 10:40;2944,48;5,09;2804;3379,48;2841,69;6,84;13595,56;4,848630528
25-12-2013 16:00;2974,44;6,12;3491,48;3570,67;2823,7;7,69;17015,46;4,873423305
25-12-2013 21:20;2972,61;5,51;3320,04;3318,48;2855,16;7,74;16934,03;5,100549993
26-12-2013 02:40;2934,01;4,54;3296,27;3300;2900;7,35;14995,25;4,549157078
26-12-2013 08:00;2977,34;2,85;3301,21;3300,99;2899,27;7,65;16606,4;5,030397945
26-12-2013 13:20;2949,22;4,2;3298,35;3383,7;2818;7,23;14812,61;4,490915155
26-12-2013 18:40;2950,19;4,53;3154,16;3157,94;2818;7,3;14948,07;4,739160347
27-12-2013 00:00;2975,12;9,25;3287,07;3293,2;2896,24;7,74;16469,41;5,010361812
27-12-2013 05:20;2976,46;7,78;3216,12;3221,2;2900;7,96;17647,87;5,487317016
27-12-2013 10:40;2953,78;3,98;3202,76;3200;2845,89;7,57;15958,9;4,982858535
27-12-2013 16:00;2970,93;4;2945,84;3110,91;2818;7,22;14924,34;5,066242566
27-12-2013 21:20;2982,71;10,64;3081,45;3050;2818;7,49;16922,84;5,491843126
28-12-2013 02:40;2981,12;13,94;3219,46;3089,4;2818;7,36;16918,36;5,255030347
28-12-2013 08:00;2981,7;4,68;3158,29;3146,48;2838,68;7,48;16461,76;5,212238268
28-12-2013 13:20;2978,45;4,83;3140,24;3286,69;2900;7,39;15901,63;5,063826332
28-12-2013 18:40;3002,97;4,38;3623,35;3646,28;2897,39;7,89;17773,25;4,905198228
29-12-2013 00:00;2967,15;3,83;3146,36;3150,68;2818;7,45;15545,51;4,940791899
29-12-2013 05:20;3015,75;5,49;3205,47;3281,64;2818;8,05;18838,39;5,876950962
29-12-2013 10:40;2952,61;4,29;3373,58;3374,17;2838,65;7,61;15537,69;4,605697805
29-12-2013 16:00;2947,35;5,11;3293,04;3311,69;2860,23;7,45;14490,31;4,400283629
29-12-2013 21:20;2933,14;5,75;3116,07;3156,15;2857,67;7,01;13254,36;4,253550145
30-12-2013 02:40;2921,23;6,78;3319,68;3317,62;2876,5;6,87;13528,83;4,075341599
30-12-2013 08:00;2944,74;4,64;3263,01;3279,92;2880;7,39;15029,29;4,605958915
30-12-2013 13:20;2941,08;4,8;3406,74;3412,6;2880;7,5;14747,14;4,328812883
30-12-2013 18:40;2949,69;4,33;3697,46;3700;2886,79;7,7;15534,11;4,201292238
31-12-2013 00:00;2924,21;4,65;3700,22;3700;2861,28;7,17;13733,28;3,711476615
31-12-2013 05:20;2934,63;4,22;3699,87;3702,55;2850;7,48;15232,04;4,116912216
31-12-2013 10:40;2963,41;4,11;3872,34;3874,18;2850;7,96;17075,58;4,409628287
31-12-2013 16:00;2981,83;4,55;3715,31;3950,44;2850;7,8;16390,38;4,411578038
31-12-2013 21:20;2984,18;4,32;3736,38;3733,18;2869,33;7,94;17541,16;4,694693795
;;;;;;;;
;;;;;;;;
04-10-2013 00:00;21-03-1908 14:12;###############################################################################################################################################################################################################################################################;;;;###############################################################################################################################################################################################################################################################;###############################################################################################################################################################################################################################################################;
;;;;;;;;
19-08-2013 02:40;08-05-1908 16:10;###############################################################################################################################################################################################################################################################;;;;###############################################################################################################################################################################################################################################################;###############################################################################################################################################################################################################################################################;
;;;;;;;;
16-11-2013 02:40;05-02-1908 10:16;###############################################################################################################################################################################################################################################################;;;;###############################################################################################################################################################################################################################################################;###############################################################################################################################################################################################################################################################;
